,charge,site,Total Energy (eV),Max Force (meV/A),Isotropic freq. (MHz),Dipolar freq. (MHz),Total freq. (MHz),path
0,-1,1,-1434.963229,4.636242551894799,4.766451176567841,-189.43820912045877,-184.67175825676168,./candidate_configs/charge_-1/site-1/U2/OUTCAR
1,-1,frenkel,-1434.97009883,3.969553249422409,-22.431687290672414,209.47537475533812,187.0436887793571,./candidate_configs/charge_-1/site-frenkel/U2/OUTCAR
2,0,0,-1437.65029482,4.640688741986474,1636.2481425229355,91.33062609888088,1727.5787686218164,./candidate_configs/charge_0/site-0/U2/OUTCAR
3,0,1,-1438.01298041,4.836775578833485,1159.1964081781018,122.66421727344182,1281.85925417779,./candidate_configs/charge_0/site-1/U2/OUTCAR
4,1,0,-1442.3197035,4.262373282573924,5.895941976702424,46.89645802158704,52.79239999828946,./candidate_configs/charge_1/site-0/U2/OUTCAR
